 id;first_name;last_name;gender;email;phone;address_line_1;address_line_2;city;country;user_id
1;Alfredo;Gleason;MALE;"3%U9AJAV4JSk9J]R2=1fD{jJ`\k0ouh&U}{=s$OZNwJund>^z.tGCQCA}WI6$UH$Bx=wn""\Wd|""^M""[#<9{#H@i%vcFxy_O~:+y`7<y$\N,.h`Dm5C}.Tk]J&H-"",sAQrZPSmj}D#N/";(154) 495-2560 x7322;cross-platform Point Orchestrator;Solomon Islands Licensed;Corwinborough;Lithuania;1
2;Maurice;Bauch;FEMALE;}dQM#3#TCKh.NW937MyAJ01CCRXL/iq#O(ksYQ_mjVz]c@toto.fr;(196) 335-9816;bandwidth azure;SMS Enhanced;Chanelfort;Wallis and Futuna;2
3;Jose;Lehner;FEMALE;SY!O96%Wg\SvN>4fR@iL.?CvJ-ezNpb,S~3-PQEtg5!T7n$/L-APhG}fk!Q*!#4(Be9l2G4}xY0xP0{*_AwD0OjY^;(613) 237-7888 x84786;Unbranded Cheese Dynamic;Alabama transform;Ondrickashire;Albania;1
4;Carolina;Gutmann;MALE;"5""^69eWo:vy~H3w\D]^_dJv''?0}TT]'2gfcUyLHGvFknG3&yZKcjyP9Z9b&A_yn""M6@{]h8$Jx>ns\!gkv~$a>0VR|t?9_/UVZG[8\lmtvKf)In<^^/%VdYBu:Rrr2^4*5ow\#r_cvUCXp[~u!Brz.xm,<6mJGW-5<O8";(317) 367-8763 x550;turn-key dedicated;Wisconsin;Huelport;Togo;2
5;London;Kemmer;MALE;(z>O@?V<|,-7ho|Uu.)N,[k$7iX`VM9BGO&qb[G]zrtR;076.019.9492 x983;Automotive Tactics architectures;Wisconsin Facilitator Incredible;West Claud;Svalbard & Jan Mayen Islands;1
6;Emile;Kuhic;MALE;"j.D9F+:v`C1(0'(!n<Q|P#Fk\8F/1YB%l{$L'7<ZKFL:tc7VN'h~M-D[%~+[e%oo&QU?:X3II$x!+APUa)R}O*~CoqU})f0DSKyd@FOP{tXRs=F3`m-""8vXEN6_'M$KZp2)P2A4nWZu)QKT.%hyy#~n'_-LpfJ3J8QKhUj3xv%)R8,hJ=BaZtt+72";(026) 693-1252;portal calculating Metal;real-time discrete redundant;Gaylordhaven;Namibia;2
7;Arnaldo;Langosh;OTHER;L)9T-Vr_rW;708.830.3504;Argentine Peso implementation;Wallis and Futuna;Lake Lance;Sweden;1
8;Demarco;Bashirian;OTHER;Z'57!>.Nl#tR[$aQP/u.^}poVLdEys[j=9mrK4g$@TfZo%h#2-V%{KlD-&u[VW){cj$$*v7>&M_nl;722-964-0801 x54566;panel;Analyst card Licensed Cotton Ball;South Natalie;Belarus;1
9;Alda;Denesik;MALE;M1QX-N,k6Kr9XnE51S)K0/;(250) 716-9269;alarm Jamaica;system Gorgeous Rubber Pants;Lake Blanchetown;Grenada;1
10;Audreanne;Bayer;FEMALE;"bU6!TN[#4]FUiyF$S@C<r,`CR992%2T)E~hN1AzCOhUfDp6Cch^OFTc|bsCp\5A/-*YxdSP:-72%-[.LeypW/rk""dkPz";484.314.4630 x6968;explicit;Personal Loan Account;Jevonhaven;Maldives;2
